id	name_chinese
1	孙永春
2	雷建国
3	黄胜
4	吴翠云
5	陈先运
6	郭兆信
7	宋远方
8	张秋波
9	林峰海
10	石军
11	姜杰
12	刘国信
13	张建华
14	孙守璞
15	崔曰臣
16	王培廷
17	孙述涛
18	张惠
19	吴官正
20	张高丽
21	李建国(山东省)
22	姜异康
23	韩寓群
24	姜大明
25	邓向阳
26	孙德汉
27	王宗廉
28	安世银
29	张光峰
30	李明先
31	陈光
32	赵润田
33	杜昌文
34	刘士合
35	孙爱军
36	贾万志
37	马平昌
38	孙守刚
39	张振川
40	周齐
41	吕在模
42	梅永红
43	张传林
44	马金忠
45	刘玉祥(山东省)
46	陈伟(浙江省)
47	张术平
48	耿文清
49	李洪峰
50	鲍志强
51	杨鲁豫
52	贾学英
53	王云鹏
54	李玉妹
55	于建成
56	刘富春
57	杨宜新
58	于希信
59	乔延春
60	李群
61	连承敏
62	张少军
63	张务锋
64	焉荣竹
65	张江汀
66	王良
67	张惠来
68	杜世成
69	阎启俊
70	夏耕
71	张新起
72	张建国
73	刘慧晏
74	周清利
75	曹学成
76	王伯祥
77	许立全
78	刘曙光
79	李兆前
80	杨军
81	赵效为
82	李同道
83	谢玉堂
84	孙淑义
85	胡苏平
86	黄有泉
87	白云
88	张茂才
89	高卫东
90	王守祯
91	王安庞
92	张少农
93	李雁红
94	贺锐
95	夏振贵
96	王茂设
97	王清宪
98	樊纪亨
99	王国正
100	谢海
101	李天太
102	刘志杰
103	罗清宇
104	岳普煜
105	吕日周
106	张兵生
107	杜善学
108	田喜荣
109	张保
110	刘俊谦
111	吴清海
112	张璞
113	李永宏
114	王雅安
115	郭海亮
116	丁雪峰
117	云公民
118	申维辰
119	陈川平
120	廉毅敏
121	耿彦波
122	吕德功
123	张怀文
124	耿怀英
125	李平社
126	郑连生
127	张建欣
128	郭良孝
129	洪发科
130	程步云
131	李栋梁
132	阎沁生
133	冯改朵
134	李正印
135	高建民
136	来玉龙
137	丰立祥
138	孙辅智
139	李俊明
140	袁纯清
141	王君
142	汤涛
143	李小鹏
144	金道铭
145	王建明
146	田成平
147	张宝顺
148	刘振华
149	于幼军
150	孟学农
151	刘泽民
152	侯伍杰
153	金银焕
154	薛延忠
155	任泽民
156	薛军
157	范堆相
158	杜玉林
159	申联彬
160	李政文
161	王显政
162	陈宝根
163	崔林涛
164	冯煦初
165	孙清云
166	魏民洲
167	董军
168	李仲为
169	魏增军
170	杨冠军
171	郭青
172	方玮峰
173	黄玮
174	刘建明
175	宋洪武
176	王忠民
177	王登记
178	胡志强
179	李金柱
180	周一波
181	郭永平
182	陆治原
183	胡润泽
184	赵乐秦
185	张会民
186	田杰
187	王成文
188	胡悦
189	张社年
190	陈强(河南省)
191	梁宏贤
192	姚引良
193	王侠
194	李希
195	高宜新
196	徐新荣
197	曹莉莉
198	王东峰
199	庄长兴
200	梁凤民
201	王儒林
202	杜学芳
203	米凤君
204	高广滨
205	李述
206	祝业精
207	崔杰
208	姜治莹
209	王照环
210	田学仁
211	矫正中
212	徐建一
213	周化辰
214	张晓霈
215	刚占标
216	赵静波
217	栗振国
218	骆德春
219	赵胜堂
220	李福升
221	石国祥
222	王克成
223	张元富
224	荀凤栖
225	马俊清
226	刘永新
227	金育辉
228	姜有为
229	马明
230	赵振起
231	赵炳辉
232	田玉林
233	刘保威
234	牛海军
235	张安顺
236	隋忠诚
237	刘喜杰
238	彭永林
239	李伟(云南省)
240	阎宝泰
241	李树国
242	聂春玉
243	王纯
244	聂文权
245	杨绍明
246	王常松
247	李相国
248	孙鸿志
249	蓝军
250	刘润璞
251	岳清友
252	李晋修
253	房俐
254	杨亚杰
255	安桂武
256	金振吉
257	邓凯
258	李龙熙
259	南相福
260	竺延风
261	巴音朝鲁
262	黄燕明
263	齐玉
264	陈伦
265	陈伟根
266	王松鹤
267	庄严
268	王云坤
269	唐宪强
270	王国发
271	王珉
272	全哲洙
273	李斌
274	李申学
275	吴广才
276	林炎志
277	韩长赋
278	洪虎
279	孙政才
280	焦彦龙
281	孙建群
282	吴显国
283	王增力
284	赵世洪
285	聂瑞平
286	王珽玖
287	王昆山
288	宋长瑞
289	宋太平
290	许宁
291	付志方
292	李谦
293	于群
294	吴振华
295	车俊
296	艾文礼
297	臧胜业
298	杨德庆
299	刘永瑞
300	王晓东(山东省)
301	张宝义
302	高金浩
303	郑雪碧
304	杨汭
305	赵文鹤
306	张古江
307	赵风楼
308	白润璋
309	张和
310	赵勇
311	王雪峰
312	陈国鹰
313	张耀华
314	王建忠
315	朱浩文
316	菅瑞亭
317	董强
318	张力
319	聂辰席
320	崔江水
321	郭大建
322	赵国岭
323	宋恩华
324	张庆黎
325	张群生
326	王其江
327	陈来立
328	刘金国
329	陈秀芳
330	王学军
331	栗战书
332	冯文海
333	张毅
334	刘德旺
335	赵世居
336	陈全国
337	胡春华
338	郭庚茂
339	季允石
340	钮茂生
341	张云川
342	白克明
343	王旭东
344	田向利
345	张越
346	范照兵
347	周本顺
348	杨崇勇
349	张庆伟
350	姜德果
351	董经纬
352	柳宝全
353	王爱民
354	张洪义
355	刘大群
356	刘德忠
357	李俊渠
358	景春华
359	陈贵
360	刘可为
361	冀纯堂
362	高宏志
363	杨慧
364	张庆华
365	郭华
366	孙瑞彬
367	刘学库
368	李瑞环
369	乔石
370	李鹏
371	江泽民
372	朱镕基
373	胡锦涛
374	丁关根
375	田纪云
376	李岚清
377	李铁映
378	吴邦国
379	邹家华
380	陈希同
381	姜春云
382	尉健行
383	谢非
384	谭绍文
385	黄菊
386	温家宝
387	王汉斌
388	李长春
389	罗干
390	贾庆林
391	曾庆红
392	吴仪
393	王乐泉
394	王兆国
395	回良玉
396	刘云山
397	刘淇
398	张立昌
399	张德江
400	陈良宇
401	周永康
402	俞正声
403	贺国强
404	曾培炎
405	王刚(吉林省)
406	习近平
407	李克强
408	汪洋
409	李源潮
410	王岐山
411	薄熙来
412	马凯
413	王沪宁
414	孙春兰
415	刘奇葆
416	张春贤
417	孟建柱
418	赵乐际
419	郭金龙
420	韩正
421	王敏
422	颜世元
423	才利民
424	王军民
425	孙伟
426	李法泉
427	高晓兵
428	刘从良
429	吴爱英
430	王修智
431	高新亭
432	刘伟(山东省)
433	朱正昌
434	杨传升
435	王仁元
436	赵承凤
437	谈文虎
438	南兵军
439	柏继民
440	张秉德
441	赵春兰
442	林廷生
443	刘新文
444	马中平
445	千军昌
446	姜锋
447	张立勇
448	李堂堂
449	上官吉庆
450	戴征社
451	王宏(陕西省)
452	唐俊昌
453	吴登昌
454	庞家钰
455	王莉霞
456	李晓东
457	冯新柱
458	吴前进
459	赵正永
460	娄勤俭
461	毛万春
462	江泽林
463	李锦斌
464	景俊海
465	安东
466	刘小燕
467	程安东
468	贾治邦
469	陈德铭
470	董雷
471	张保庆
472	杨永茂
473	杨士秋
474	马铁山
475	励小捷
476	洪峰
477	葛乐夫
478	许卫国
479	孟凡利
480	程亚军
481	赵化明
482	魏小鹏
483	赵明鹏
484	魏俊星
485	刘凤海
486	崔文信
487	褚光宇
488	佟志武
489	刘志强
490	王文权
491	陈明月
492	姜作勇
493	陈铁新
494	赵连生
495	石光
496	关永光
497	蔡哲夫
498	朱绍毅
499	薛恒
500	戴玉林
501	吴起成
502	刘国强(辽宁省)
503	高宏彬
504	王专
505	李波
506	江瑞
507	彭益民
508	王大平
509	栾庆伟
510	陈家洱
511	周银校
512	周忠轩
513	刘强(辽宁省)
514	王桂芬
515	吴忠琼
516	王阳
517	张利藩
518	王世伟
519	谷春立
520	张杰辉
521	李英杰
522	李万才
523	唐军
524	夏德仁
525	陈政高
526	闻世震
527	张文岳
528	曹征海
529	伏来旺
530	张国民
531	任亚平
532	杨利民
533	乌云其木格
534	刘明祖
535	乌兰
536	巴特尔
537	张院忠
538	于永泉
539	刘俊臣
540	张国华(河北省)
541	荣天厚
542	刘卓志
543	布和朝鲁
544	陈朋山
545	冯玉臻
546	陶建
547	云喜顺
548	王玉明
549	布小林
550	吴金亮
551	陶克
552	任英超
553	苗银柱
554	杨汉忠
555	崔国柱
556	杜学军
557	邓月楼
558	郭健
559	常海
560	云二柱
561	吴永新
562	陶淑菊
563	王学丰
564	李万忠
565	段志强
566	何永林
567	王素毅
568	张利平
569	罗志虎
570	梁铁城
571	郭子明
572	廉素
573	云光中
574	刘锦
575	云峰
576	杜梓
577	符太增
578	祝广垲
579	胡达古拉
580	赵双连
581	王程熙
582	罗啸天
583	刘玉祥(辽宁省)
584	包满达
585	徐国元
586	杭桂林
587	高延青
588	傅铁钢
589	鲍常青
590	哈斯巴根
591	包钢
592	侯凤岐
593	白向群
594	赵忠
595	王中和
596	郭启俊
597	邢云
598	胡忠
599	孙炜东
600	呼尔查
601	苏青
602	那顺孟和
603	韩志然
604	牛玉儒
605	杨晶
606	秦义
607	王波
608	汤爱军
609	柳秀
610	高军
611	李文科
612	唐志国
613	孙远良
614	陈世南
615	王正谱
616	吴野松
617	潘利国
618	姚辉
619	林强
620	张竞强
621	左大光
622	王明玉
623	宋勇
624	王大操
625	于言良
626	张铁民
627	陈淑珍
628	孙国相
629	陈海波
630	曾维
631	于捷
632	蹇彪
633	孙兆林
634	陈晓琨
635	骆琳
636	都本伟
637	刘铭
638	张行湘
639	徐文才
640	慕绥新
641	罗志军
642	蒋宏坤
643	季建业
644	朱善璐
645	杨卫泽
646	罗一民
647	丁大卫
648	张国华(江苏省)
649	于广洲
650	潘永和
651	李福全
652	曹新平
653	张敬华
654	朱民
655	何权
656	徐鸣(江苏省)
657	周乃翔
658	阎立
659	王荣
660	姚晓东
661	王伟成
662	徐建明
663	范燕青
664	李全林
665	陈震宁
666	刘永忠
667	徐一平
668	杨省世
669	赵晓江
670	王国生
671	王建华
672	李强(江苏省)
673	李继平
674	樊金龙
675	高雪坤
676	曲福田
677	丁解民
678	陶培荣
679	赵鹏
680	魏国强
681	张九汉
682	朱克江
683	朱民阳
684	谢正义
685	王燕文
686	苏泽群
687	孙志军
688	吴冬华
689	张卫国
690	史和平
691	许津荣
692	刘捍东
693	朱晓明
694	毛伟明
695	姚建华
696	徐郭平
697	朱龙生
698	张雷
699	仇和
700	张新实
701	缪瑞林
702	蓝绍敏
703	毛小平
704	汪泉
705	蒋定之
706	黄莉新
707	梁保华
708	李学勇
709	许仲林
710	王寿亭
711	任彦申
712	张连珍
713	冯敏刚
714	石泰峰
715	徐国健
716	杨新力
717	孙安华
718	弘强
719	林祥国
720	李小敏
721	李云峰
722	赵少麟
723	蒋文郁
724	陈一远
725	吴齐
726	李笃信
727	夏鸣
728	张桂生
729	杜宇新
730	盖如垠
731	曹广亮
732	王宗璋
733	石忠信
734	张效廉
735	林铎
736	范广举
737	杨信
738	郝会龙
739	林秀山
740	刘刚
741	韩冬炎
742	丁乃今
743	吴炜
744	王兆力
745	邱玉泉
746	朱德义
747	许兆君
748	张兴福
749	付会廷
750	刘国中
751	朱清文
752	杜吉明
753	湛胜田
754	王晓明
755	胡祥鼎
756	武凤呈
757	滕喜魁
758	李显刚
759	王志斌
760	刘海生（黑）
761	韩学键
762	吴杰凯
763	夏立华
764	杨喜军
765	王爱文
766	王利民
767	李延芝
768	董绍林
769	高环
770	邓华
771	孙喆
772	李海涛
773	孙启文
774	王国学
775	郭晓华
776	高志杰
777	宋长生
778	张宪军
779	孙升昌
780	曲志深
781	郭新双
782	张弛
783	陆兵(河北省)
784	林宽海
785	李耀新
786	张秋阳
787	马晓林
788	徐广国
789	张晶川
790	于晓东
791	赵学礼
792	张恩亮
793	张永刚
794	王慎义
795	于莎燕
796	肖建春
797	胡世英
798	马德
799	王忠林
800	宋希斌
801	杨东奇
802	单增庆
803	赵克非
804	孙尧
805	张成义
806	杨焕宁
807	衣俊卿
808	龙新南
809	刘海生（吉）
810	刘东辉
811	周同战
812	杨光洪
813	田凤山
814	钱运录
815	宋法棠
816	徐有芳
817	赵敏
818	夏杰
819	徐泽洲
820	黄建盛
821	陈润儿
822	陆昊
823	王宪魁
824	吉炳轩
825	崔波
826	王正伟
827	马力
828	王儒贵
829	白雪山
830	刘学军
831	彭友东
832	李文章
833	田明
834	杨春光
835	王永耀
836	张作理
837	马金虎
838	赵永清
839	肖云刚
840	刘语平
841	白尚成
842	吴玉才
843	杨国林
844	刘小河
845	何学清
846	马汉成
847	马夫
848	马廷礼
849	刘云
850	徐力群
851	李锐
852	陈建国
853	李建华(河北省)
854	马启智
855	刘慧
856	刘丰富
857	陈希明
858	马文学
859	于革胜
860	傅思和
861	傅兴国
862	李东东
863	蔡国英
864	项宗西
865	刘晓滨
866	陈绪国
867	李顺桃
868	苏德良
869	王雁飞
870	马锡广
871	陈进玉
872	齐同生
873	袁家军
874	纪峥
875	陈二曦
876	王志宏
877	马三刚
878	张东生
879	陈义初
880	王文超
881	赵建才
882	邓永俭
883	王照平
884	赵顷霖
885	李恩东
886	陈建生
887	张国伟
888	田承忠
889	方晓宇
890	靳绥东
891	董永安
892	张笑东
893	马林青
894	朱天宝
895	张广智(河南省)
896	丁巍
897	王训智
898	李培育
899	魏小东
900	范修芳
901	李新民
902	郭迎光
903	吴天君
904	李庆贵
905	王战营
906	毛超峰
907	路国贤
908	孙立坤
909	张文深
910	秦玉海
911	铁代生
912	连子恒
913	李文慧
914	杨树平
915	赵海燕
916	申振君
917	何东成
918	黄兴维
919	穆为民
920	程志明
921	马万令
922	张海钦
923	高德领
924	徐光
925	岳文海
926	刘继标
927	王平(湖北省)
928	董光峰
929	支树平
930	徐光春
931	吉炳伟
932	周以忠
933	刘长春
934	李建昌
935	梁绪兴
936	祁金立
937	孙泉砀
938	李柳身
939	郭洪昌
940	连维良
941	李贵基
942	刘典立
943	孙善武
944	李柏拴
945	赵瑞东
946	盛国民
947	王艳玲
948	梁铁虎
949	杨盛道
950	黄廷远
951	段喜中
952	吴灵臣
953	张世军
954	张国晖
955	李亚
956	刘春良
957	王树山
958	孔玉芳
959	曹存正
960	吕清海
961	靳克文
962	史宁安
963	刘炳旺
964	马正跃
965	余学友
966	陶明伦
967	王保存
968	毛凤兰
969	刘满仓
970	史培德
971	刘新民
972	乔新江
973	郭瑞民
974	王铁
975	刘怀廉
976	李中央
977	武国定
978	刘国庆
979	化有勋
980	宋璇涛
981	卢大伟
982	王宇燕
983	何雄
984	赵素萍
985	周春艳
986	李克
987	陈奎元
988	李成玉
989	曹维新
990	王明义
991	张国光
992	罗清泉
993	李鸿忠
994	蒋祝平
995	周济
996	李宪生
997	阮成发
998	陈训秋
999	苗圩
1000	杨松
1001	肖旭明
1002	王建鸣
1003	杨晓波
1004	任世茂
1005	周先旺
1006	赵斌
1007	陈天会
1008	汪鸿雁
1009	张嗣义
1010	周霁
1011	张维国
1012	李佑才
1013	郭有明
1014	李乐成
1015	马旭明
1016	孙志刚
1017	郑少三
1018	黄楚平
1019	付明珠
1020	李德炳
1021	李新华
1022	别必雄
1023	王君正
1024	范锐平
1025	叶贤林
1026	韩进
1027	陶宏
1028	吴永文
1029	谢松保
1030	马荣华
1031	徐松南
1032	梁惠玲
1033	李兵
1034	肖菊华
1035	万勇
1036	王玲
1037	傅德辉
1038	刘力
1039	许克振
1040	杨天然
1041	岳勇
1042	梁伟年
1043	滕刚
1044	黄关春
1045	李建明
1046	王祥喜
1047	应代明
1048	李春明
1049	陈安丽
1050	刘雪荣
1051	刘善桥
1052	段远明
1053	丁小强
1054	任振鹤
1055	尹汉宁
1056	李明波
1057	郄英才
1058	傅振邦
1059	李红云
1060	祝金水
1061	马清明
1062	刘晓鸣
1063	吴超
1064	周文霞
1065	冯云乔
1066	刘新池
1067	陈吉学
1068	黄剑雄
1069	张桂华
1070	朱汉桥
1071	王敦胜
1072	吴锦
1073	柯俊
1074	张爱国
1075	杜海洋
1076	周森锋
1077	朱厚伦
1078	钱远坤
1079	谭徽在
1080	黄远志
1081	邓道坤
1082	张昌尔
1083	宋育英
1084	潘立刚
1085	侯长安
1086	楼阳生
1087	周坚卫
1088	王晓东(江西省)
1089	张岱梨
1090	苏晓云
1091	王振有
1092	王海涛
1093	袁良宽
1094	毛致用
1095	孙文盛
1096	胡富国
1097	杨汝岱
1098	吴亦侠
1099	成克杰
1100	孙同川
1101	邢崇智
1102	程维高
1103	关广富
1104	杨正午
1105	叶连松
1106	何竹康
1107	陈明义
1108	李子奇
1109	白恩培
1110	郭树言
1111	王森浩
1112	孙英
1113	邓鸿勋
1114	刘剑峰
1115	马忠臣
1116	多吉才让
1117	张吾乐
1118	陈焕友
1119	李其炎
1120	阮崇武
1121	肖秧
1122	沈达人
1123	宋汉良
1124	孙维本
1125	尹克升
1126	王群(湖北省)
1127	陈辉光
1128	林若
1129	顾金池
1130	江村罗布
1131	沈祖伦
1132	刘志忠
1133	许士杰
1134	邵奇惠
1135	李锡铭
1136	侯宗宾
1137	高严
1138	杨析综
1139	蒲海清
1140	郑斯林
1141	张德邻
1142	聂璧初
1143	赵志浩
1144	王太华
1145	李立功
1146	陈邦柱
1147	铁木尔·达瓦买提
1148	王朝文
1149	布赫
1150	乌力吉
1151	赵富林
1152	卢荣景
1153	安启元
1154	葛洪升
1155	贾志杰
1156	陈光毅
1157	熊清泉
1158	岳歧峰
1159	宋宝瑞
1160	高德占
1161	白立忱
1162	叶选平
1163	阎海旺
1164	韦纯束
1165	白清才
1166	全树仁
1167	李泽民
1168	万学远
1169	郭振乾
1170	王茂林
1171	陈士能
1172	和志强
1173	张皓若
1174	朱森林
1175	王忠禹
1176	普朝柱
1177	云布龙
1178	黄璜
1179	刘正威
1180	张勃兴
1181	金基鹏
1182	荆福生
1183	朱之文
1184	周金伙
1185	陈荣凯
1186	廖小军
1187	隋军
1188	张兆民
1189	张燮飞
1190	黄晓炎
1191	陈桦
1192	龚清概
1193	林宝金
1194	林克敏
1195	李川
1196	徐谦
1197	雷春美
1198	裴金佳
1199	李天森
1200	何锦龙
1201	吴洪芹
1202	李敏忠
1203	陈冬
1204	陈家东
1205	刘德章
1206	徐钢
1207	施永康
1208	何团经
1209	郑道溪
1210	朱明
1211	李建国(福建省)
1212	黄少萍
1213	郑新聪
1214	张健(山东省)
1215	刘道崎
1216	杜源生
1217	苍震华
1218	叶继革
1219	黄琪玉
1220	邓本元
1221	翁福琳
1222	练知轩
1223	郑松岩
1224	苏增添
1225	杨益民
1226	袁荣祥
1227	杨岳
1228	陈少勇
1229	詹毅
1230	张国胜
1231	翁玉耀
1232	叶家松
1233	袁锦贵
1234	杨根生
1235	梁建勇
1236	朱亚衍
1237	刘赐贵
1238	刘可清
1239	洪永世
1240	郑立中
1241	何立峰
1242	于伟国
1243	王蒙徽
1244	宋德福
1245	尤权
1246	梁绮萍
1247	黄小晶
1248	黄瑞霖
1249	陈文清
1250	李宏
1251	唐国忠
1252	李书磊
1253	倪岳峰
1254	鲍绍坤
1255	张志南
1256	叶双瑜
1257	陈营官
1258	陈辞
1259	王为璐
1260	王富玉
1261	倪强
1262	冀文林
1263	徐唐先
1264	陈成
1265	姜斯宪
1266	于迅
1267	王勇
1268	陆志远
1269	汪啸风
1270	卫留成
1271	罗保铭
1272	刘琦
1273	李秀领
1274	周文彰
1275	许俊
1276	蔡长松
1277	钟文
1278	肖若海
1279	吴昌元
1280	孙新阳
1281	贺贤书
1282	王晓军
1283	刘鼎兴
1284	谭本宏
1285	王守初
1286	刘剑
1287	阿不拉·卡斯木
1288	伊力汗·奥斯曼
1289	孙昌华
1290	刘新胜
1291	张文全
1292	陈新发
1293	王宜林
1294	唐健
1295	徐卫喜
1296	乃依木·亚森
1297	吉尔拉·衣沙木丁
1298	伊力哈木·沙比尔
1299	栗智
1300	朱海仑
1301	李豆罗
1302	胡宪
1303	陈俊卿
1304	郭安
1305	钟家明
1306	刘积福
1307	王忠武
1308	蔡晓明
1309	王萍
1310	曾庆红(江西省)
1311	殷美根
1312	钟志生
1313	刘上洋
1314	赵智勇
1315	钟利贵
1316	许爱民
1317	虞国庆
1318	李放
1319	刘昌林
1320	颜赣辉
1321	舒晓琴
1322	姚亚平
1323	邓保生
1324	汪普生
1325	邝小平
1326	陈卫民
1327	李小豹
1328	刘南方
1329	谢亦森
1330	刘和平
1331	洪礼和
1332	金细安
1333	汪德和
1334	王平(湖南省)
1335	李安泽
1336	刘捷(江苏省)
1337	丛文景
1338	董仚生
1339	熊茂平
1340	萧茂普
1341	杨宪萍
1342	陈兴超
1343	王昭悠
1344	冷新生
1345	张海如
1346	史文清
1347	伍自尧
1348	蒋斌
1349	余小平
1350	潘东军
1351	陈达恒
1352	吕滨
1353	胡长林
1354	周萌
1355	胡世忠
1356	王林森
1357	刘礼祖
1358	钟际跃
1359	甘良淼
1360	张勇
1361	张和平
1362	钟健华
1363	鹿心社
1364	尚勇
1365	凌成兴
1366	莫建成
1367	黄智权
1368	步正发
1369	彭宏松
1370	周泽民
1371	夏宝龙
1372	赵洪祝
1373	李强(浙江省)
1374	吕祖善
1375	柴松岳
1376	周国富
1377	李金明
1378	乔传秀
1379	王辉忠
1380	斯鑫良
1381	蔡奇
1382	胡和平
1383	陈敏尔
1384	黄坤明
1385	茅临生
1386	葛慧君
1387	王华元
1388	章猛进
1389	龚正
1390	张曦
1391	王国平
1392	黄兴国
1393	刘奇
1394	王贺文
1395	林恺俊
1396	王新海
1397	俞国行
1398	陈德荣
1399	张鸿铭
1400	邵占维
1401	孙忠焕
1402	仇保兴
1403	卢子跃
1404	毛光烈
1405	金德水
1406	张蔚文
1407	王建满
1408	陈一新
1409	蒋巨峰
1410	陈金彪
1411	李卫宁
1412	陈加元
1413	肖培生
1414	鲁俊
1415	马以
1416	孙文友
1417	徐福宁
1418	钱建民
1419	张金如
1420	王永昌
1421	冯顺桥
1422	徐加爱
1423	徐止平
1424	汤黎路
1425	郑尚金
1426	暨军民
1427	陈昆忠
1428	陈新
1429	孙建国
1430	厉志海
1431	沈仁康
1432	孙景淼
1433	梁黎明
1434	张家盟
1435	周江勇
1436	周国辉
1437	郭剑彪
1438	吴蔚荣
1439	陈铁雄
1440	史久武
1441	张兵
1442	王永康
1443	陈荣高
1444	丁耀民
1445	刘希平
1446	黄志平
1447	谢力群
1448	张玉舜
1449	张志银
1450	张津梁
1451	袁占亭
1452	王军
1453	陈宝生
1454	陆武成
1455	虞海燕
1456	吴宝真
1457	马光明
1458	郑亚军
1459	柳鹏
1460	张开勋
1461	卢有治
1462	李建华(甘肃省)
1463	郑玉生
1464	张令平
1465	张应华
1466	周多明
1467	吴仰东
1468	汪海洲
1469	孙效东
1470	张景辉
1471	肖庆平
1472	张智全
1473	赵春
1474	张广智(山东省)
1475	李文卿
1476	王锐
1477	杨维俊
1478	王洪宾
1479	马世忠
1480	梁国安
1481	高清和
1482	郭承录
1483	李志勋
1484	张绪胜
1485	火荣贵
1486	田宝忠
1487	何振中
1488	栾克军
1489	黄泽元
1490	陈克恭
1491	杨咏中
1492	马学军
1493	陈伟(内蒙古自治区)
1494	臧秋华
1495	刘立军
1496	王耀东
1497	李沛文
1498	陈春明
1499	康军
1500	都伟
1501	杨育荣
1502	王义
1503	周强(甘肃省)
1504	吉西平
1505	黄选平
1506	张晓兰
1507	夏红民
1508	武文斌
1509	杨子兴
1510	许尔锋
1511	常正国
1512	唐晓明
1513	石晶
1514	李峰(甘肃省)
1515	郭玉虎
1516	许文海
1517	孙雪涛
1518	陈青
1519	邵明
1520	王玺玉
1521	马得成
1522	马正录
1523	年仲华
1524	马青林
1525	马学礼
1526	程正明
1527	姜信治
1528	冉万祥
1529	贡保甲
1530	沙拜次力
1531	毛生武
1532	罗笑虎
1533	陈建华(甘肃省)
1534	魏建荣
1535	刘永富(湖北省)
1536	连辑
1537	吴德刚
1538	泽巴足
1539	咸辉
1540	陆浩
1541	蒋文兰
1542	冯健身
1543	仲兆隆
1544	韩忠信
1545	马西林
1546	陈学亨
1547	洪毅
1548	黄亦纯
1549	秦宜智
1550	公保扎西
1551	向巴平措
1552	张延清
1553	多吉次珠
1554	罗布顿珠
1555	洛桑江村
1556	王瑞连
1557	孟德利
1558	许成仓
1559	吾金平措
1560	维色
1561	其美仁增
1562	洛松次仁
1563	宋善礼
1564	武继烈
1565	张永泽
1566	赵宪忠
1567	德吉
1568	白玛赤林
1569	次仁
1570	丹增朗杰
1571	格桑次仁
1572	宫蒲光
1573	平措
1574	张洪波
1575	许雪光
1576	边巴扎西
1577	多托
1578	高扬
1579	谭永寿
1580	段襄政
1581	万超岐
1582	董明俊
1583	多吉泽仁
1584	白玛才旺
1585	达娃扎西
1586	赵世军
1587	赵合
1588	白玛朗杰
1589	金喜生
1590	旺堆
1591	卓嘎
1592	才旺班典
1593	列确
1594	热地
1595	李立国
1596	布穷
1597	吴英杰
1598	邓小刚
1599	赵廉
1600	梁田庚
1601	苟天林
1602	崔玉英
1603	董云虎
1604	李光文
1605	金书波
1606	王拥军
1607	丁业现
1608	巴桑顿珠
1609	德吉措姆
1610	刘方仁
1611	林明达
1612	刘一民
1613	李再勇
1614	廖少华
1615	何刚
1616	周荣
1617	慕德贵
1618	喻红秋
1619	王晓光
1620	卢守祥
1621	王秉清
1622	陈海峰
1623	陈坚
1624	周建琨
1625	申晓庆
1626	罗宁
1627	曾永涛
1628	肖永安
1629	廖国勋
1630	刘奇凡
1631	袁周
1632	谌贻琴
1633	夏庆丰
1634	禄智明
1635	赵友良
1636	刘晓凯
1637	秦如培
1638	张群山
1639	黄家培
1640	张吉勇
1641	陈昌旭
1642	许正维
1643	陈敏
1644	陈鸣明
1645	张政
1646	黄康生
1647	班程农
1648	龙长春
1649	杨永英
1650	刘光磊(贵州省)
1651	李飞跃
1652	李月成
1653	廖飞
1654	庹文升
1655	李军
1656	孙国强
1657	刘文新
1658	王建军(湖北省)
1659	毛小兵
1660	骆玉林
1661	王予波
1662	于丛乐
1663	陈兴龙
1664	金长华
1665	张晓容
1666	李忠保
1667	旦科
1668	严金海
1669	尼玛卓玛
1670	万玛多杰
1671	多杰热旦
1672	郭汝琢
1673	李选生
1674	巨克中
1675	仁青才让
1676	多杰才让
1677	仁青加
1678	杜捷
1679	张文魁
1680	公保尚
1681	更藏加
1682	索南东智
1683	邓本太
1684	郎国清
1685	蔡德贵
1686	林亚松
1687	更阳
1688	桑杰加
1689	才让本
1690	南杰
1691	白加扎西
1692	王晓勇
1693	贾应忠
1694	文国栋
1695	罗松达哇
1696	王玉虎
1697	李鹏新
1698	罗朝阳
1699	辛国斌
1700	张守成
1701	诺卫星
1702	宋秀岩
1703	万庆良
1704	张广宁
1705	朱小丹
1706	林树森
1707	陈建华(广东省)
1708	刘玉浦
1709	黄丽满
1710	许勤
1711	许宗衡
1712	李嘉
1713	甘霖
1714	邓维龙
1715	方旋
1716	何宁卡
1717	钟世坚
1718	王顺生
1719	陈茂辉
1720	李锋
1721	黄志光
1722	林木声
1723	李统书
1724	郑人豪
1725	蔡宗泽
1726	李春洪
1727	郑振涛
1728	徐建华
1729	覃卫东
1730	艾学峰
1731	李贻伟
1732	陈云贤
1733	林元和
1734	黄龙云
1735	刘悦伦
1736	刘海
1737	陈继兴
1738	蒋进
1739	庞国梅
1740	王南健
1741	刘小华
1742	陈耀光
1743	徐少华
1744	王中丙
1745	阮日生
1746	黄华华
1747	欧广源
1748	蔡东士
1749	朱明国
1750	马兴瑞
1751	胡泽君
1752	钟阳胜
1753	林雄
1754	陈奕威
1755	黄业斌
1756	柳锦州
1757	肖志恒
1758	谭璋球
1759	麦教猛
1760	李汝求
1761	朱泽君
1762	刘日知
1763	谭君铁
1764	何正拔
1765	魏潘尧
1766	温国辉
1767	郑雁雄
1768	戎铁文
1769	吴紫骊
1770	徐尚武
1771	何忠友
1772	梁伟发
1773	杨华维
1774	彭建文
1775	吴锐成
1776	黄煜祯
1777	魏宏广
1778	林少春
1779	陈小川
1780	林华景
1781	丘志勇
1782	江泓
1783	葛长伟
1784	陈家记
1785	陈用志
1786	江凌
1787	刘志庚
1788	李近维
1789	袁宝成
1790	李毓全
1791	薛晓峰
1792	陈根楷
1793	崔国潮
1794	陈良贤
1795	李启红
1796	许光
1797	骆文智
1798	陈冰
1799	李庆雄
1800	汤锡坤
1801	陈绿平
1802	陈弘平
1803	李本钧
1804	陈东
1805	唐豪
1806	黄强
1807	郑利平
1808	卓志强
1809	欧真志
1810	庹震
1811	梁国聚
1812	金巨保
1813	毕小彬
1814	张韶春
1815	叶成文
1816	汤林祥
1817	倪发科
1818	洪文虎
1819	罗兆好
1820	张飞飞
1821	李武好
1822	余忠勇
1823	夏望平
1824	史翔
1825	吴旭军
1826	张曙光
1827	唐承沛
1828	李平(安徽省)
1829	孙云飞
1830	于勇
1831	胡连松
1832	张祥安
1833	缪学刚
1834	宋卫平
1835	江山
1836	汪国才
1837	任泽锋
1838	陈强(安徽省)
1839	李宏鸣
1840	饶益刚
1841	王福宏
1842	王启敏
1843	臧世凯
1844	魏晓明
1845	陈履祥
1846	虞爱华
1847	朱读稳
1848	韩先聪
1849	赵树丛
1850	侯淅珉
1851	李明
1852	宋国权
1853	沈素琍
1854	陈松林
1855	黄晓武
1856	牛弩韬
1857	许崇信
1858	梅劲
1859	李忠金
1860	肖超英
1861	陈德胜
1862	王邦杰
1863	魏尧
1864	姚玉舟
1865	张晓麟
1866	郑为文
1867	丁海中
1868	郑牧民
1869	王宏(安徽省)
1870	曹勇
1871	刘健
1872	朱季历
1873	方西屏
1874	杨振超
1875	陈世礼
1876	白金明
1877	张学群
1878	花建慧
1879	周春雨
1880	陈启涛
1881	梁卫国
1882	方平
1883	潘朝晖
1884	杨敬农
1885	沈卫国
1886	高登榜
1887	陈树隆
1888	詹夏来
1889	张庆军
1890	郭万清
1891	吴存荣
1892	孙金龙
1893	王首盟
1894	杨爱光
1895	张学平
1896	方宁
1897	韩军
1898	宣林
1899	刘战平
1900	马元飞
1901	方一本
1902	陈维席
1903	李和中
1904	赵馨群
1905	刘庆强
1906	陈树德
1907	何成国
1908	钱进
1909	姚景源
1910	周光全
1911	何闽旭
1912	童怀伟
1913	谢德新
1914	凌月明
1915	徐海荣
1916	梁冬春
1917	翁杰明
1918	徐敬业
1919	张国清
1920	张轩
1921	马正其
1922	吴政隆
1923	刘学普
1924	黄奇帆
1925	苟利军
1926	侯凯
1927	朱争平
1928	尹弘
1929	沙海林
1930	朱生岭
1931	沈晓明
1932	艾宝俊
1933	徐麟
1934	杨振武
1935	应勇
1936	屠光绍
1937	杨晓渡
1938	殷一璀
1939	杨雄
1940	丁薛祥
1941	许显辉
1942	刘力伟
1943	胡伯俊
1944	杨光荣
1945	陈文浩
1946	周德睿
1947	吴定宪
1948	程海波
1949	武吉海
1950	陈超英
1951	皮黔生
1952	谢建华
1953	王小京
1954	段端武
1955	滑兵来
1956	杨栋梁
1957	王文华
1958	肖怀远
1959	史莲喜
1960	邢军
1961	邢元敏
1962	刘胜玉
1963	宋平顺
1964	韩永文
1965	徐宪平
1966	张德仁
1967	石玉珍
1968	肖捷
1969	许云昭
1970	路建平
1971	谢康生
1972	戚和平
1973	周昌贡
1974	罗碧升
1975	盛荣华
1976	张昌平
1977	于来山
1978	黄兰香
1979	卿渐伟
1980	孔令志
1981	罗月林
1982	龚文密
1983	盛茂林
1984	黄天锡
1985	童名谦
1986	郭光文
1987	贺仁雨
1988	彭崇谷
1989	张自银
1990	周海兵
1991	徐明华
1992	张文雄
1993	李亿龙
1994	陈叔红
1995	蒋建国
1996	余爱国
1997	史耀斌
1998	孙载夫
1999	文选德
2000	胡彪
2001	许又声
2002	李有新
2003	陈肇雄
2004	郭开朗
2005	李微微
2006	黄建国
2007	杜崇烟
2008	徐克勤
2009	郭建群
2010	彭对喜
2011	何泽中
2012	叶红专
2013	刘云柱
2014	余英生
2015	张建功
2016	林武
2017	吴宗源
2018	陈志强
2019	易鹏飞
2020	胡伟林
2021	卞翠屏
2022	彭宪法
2023	陈三新
2024	颜石生
2025	王群
2026	毛腾飞
2027	程兴汉
2028	王汀明
2029	肖雅瑜
2030	陈君文
2031	贺安杰
2032	张剑飞
2033	梅克保
2034	易炼红
2035	储波
2036	周伯华
2037	杜家毫
2038	周强
2039	徐守盛
2040	杨泰波
2041	欧阳斌
2042	刘莲玉
2043	刘爱才
2044	龚武生
2045	严志辉
2046	邹金鷟
2047	曾庆炎
2048	张硕辅
2049	龙定鼎
2050	周政坤
2051	瞿海
2052	李大伦
2053	葛洪元
2054	戴道晋
2055	向力力
2056	蔡力峰
2057	胡衡华
2058	胡忠雄
2059	李江
2060	蒋作斌
2061	马勇
2062	魏旋君
2063	鲁平益
2064	赵小明
2065	齐静
2066	王海平
2067	雷德才
2068	张吉福
2069	邱水平
2070	秦刚
2071	赵克忠
2072	刘宝善
2073	谈绪祥
2074	王惠民
2075	郭普金
2076	李长友
2077	林克庆
2078	沈宝昌
2079	岳鹏
2080	邓乃平
2081	焦志忠
2082	王云峰
2083	梁伟
2084	崔君乐
2085	赵家骐
2086	卢映川
2087	李平
2088	张延昆
2089	夏占义
2090	赵义
2091	张燕友
2092	金树东
2093	侯君舒
2094	关成华
2095	佟根柱
2096	祁红
2097	刘伟
2098	聂玉藻
2099	王洪钟
2100	刘永富
2101	韩子荣
2102	刘云广
2103	伊欣欣
2104	董瑞龙
2105	李建华
2106	夏林茂
2107	周茂非
2108	侯玉兰
2109	陈文占
2110	荣华
2111	张燕生
2112	索连生
2113	崔鹏
2114	游广斌
2115	李超钢
2116	张大力
2117	王子生
2118	牛青山
2119	杨艺文
2120	卢彦
2121	杨柳荫
2122	王学勤
2123	陈平
2124	赵久合
2125	吴桂英
2126	程连元
2127	陈刚（江苏）
2128	刘晓晨
2129	蒋效愚
2130	吉胜久
2131	夏强
2132	李晓光
2133	尤兰田
2134	王刚
2135	武高山
2136	鲁勇
2137	唐大生
2138	王少峰
2139	张建东
2140	王宁
2141	王长连
2142	谭维克
2143	李进山
2144	周良洛
2145	林抚生
2146	隋振江
2147	孙文锴
2148	苟仲文
2149	姜志刚
2150	李伟
2151	陈刚（湖北）
2152	傅政华
2153	赵凤桐
2154	牛有成
2155	李士祥
2156	吕锡文
2157	吉林
2158	王安顺
2159	郭连山
2160	白志杰
2161	芒力克·斯依提
2162	古丽夏提·阿不都卡德尔
2163	巨艾提·伊明
2164	阿布拉江·依明
2165	库热西·买合苏提
2166	闫国灿
2167	闫汾新
2168	程振山
2169	艾则孜·木沙?
2170	艾尔肯·吐尼亚孜
2171	曾存
2172	史大刚
2173	艾克拜尔·吾甫尔
2174	窦万贵
2175	黄三平
2176	朱昌杰
2177	麦尔丹·木盖提
2178	穆铁礼甫·哈斯木
2179	张金标
2180	帕尔哈提·吐尔地
2181	彭家瑞
2182	张博
2183	史建勇?
2184	李建国(河南省)
2185	李学军
2186	钱智
2187	刘志勇(新疆维吾尔自治区)
2188	马明成
2189	马雄成
2190	赵青
2191	史少林
2192	奥曲尔
2193	乔吉甫
2194	李湘林
2195	张继勋
2196	张国梁
2197	马宁·再尼勒
2198	毛肯·赛衣提哈木扎
2199	柯赛江·赛力禾加
2200	努尔兰·阿不都满金
2201	沙尔合提·阿汗
2202	铁力瓦尔迪·阿不都热西提
2203	邓章武
2204	张汉东
2205	塔里哈提·吾逊
2206	沙布尔
2207	毛肯·赛提哈木扎
2208	司马义·铁力瓦尔地
2209	努尔·白克力
2210	胡家燕
2211	王金祥
2212	张秀明
2213	杨刚
2214	陈雷
2215	韩勇
2216	吴敦夫
2217	李屹
2218	胡伟
2219	符强
2220	熊选国
2221	宋爱荣
2222	黄卫
2223	喻林祥
2224	田修思
2225	朱锦林
2226	王建民
2227	彭勇
2228	刘雷
2229	艾力更·依明巴海
2230	肖开提依明
2231	尔肯江-吐拉洪
2232	哈尼巴提-沙布开
2233	李佳(辽宁省)
2234	林国强
2235	陈向群
2236	黄方方
2237	周红波
2238	马飚
2239	车荣福
2240	陈武
2241	余远辉
2242	陈刚(广西壮族自治区)
2243	郑俊康
2244	肖文荪
2245	沈北海
2246	吴集成
2247	蒋济雄
2248	李金早
2249	莫永清
2250	王跃飞
2251	张秀隆
2252	李志刚
2253	黄俊华
2254	高雄
2255	刘君
2256	钟想廷
2257	王凯
2258	朱学庆
2259	文子忠
2260	任燮康
2261	刘志勇(黑龙江省)
2262	唐成良
2263	连友农
2264	周家斌
2265	温卡华
2266	王小东
2267	尹建国
2268	范晓莉
2269	陈秋华
2270	莫恭明
2271	何朝建
2272	徐文彦
2273	朱军
2274	禤沛钧
2275	刘正东
2276	李康
2277	黄道伟
2278	汤世保
2279	张晓钦
2280	肖莺子
2281	李新元
2282	梁胜利
2283	谢建辰
2284	赖德荣
2285	李宁波
2286	覃远通
2287	王可
2288	李达球
2289	金湘军
2290	韩元利
2291	方皓
2292	文明
2293	梁春禄
2294	谢泽宇
2295	周异决
2296	彭晓春
2297	陈利丹
2298	白希
2299	赵德明
2300	杨才寿
2301	蓝天立
2302	谢志刚
2303	何辛幸
2304	黄世勇
2305	张少康
2306	杨和荣
2307	覃瑞祥
2308	肖化
2309	黄克
2310	孙大光
2311	罗殿龙
2312	崔智友
2313	彭清华
2314	危朝安
2315	周新建
2316	石生龙
2317	林念修
2318	郭声琨
2319	陆兵(广西壮族自治区)
2320	陈际瓦
2321	邓卫平
2322	曹伯纯
2323	李兆焯
2324	王万宾
2325	潘琦
2326	陈秀榕
2327	邱石元
2328	彭祖意
2329	姜兴和
2330	唐仁健
2331	马庆生
2332	谢世杰
2333	魏宏
2334	张中伟
2335	柯尊平
2336	叶万勇
2337	王怀臣
2338	刘玉顺
2339	刘鹏
2340	柳斌杰
2341	王少雄
2342	郭永祥
2343	周光荣
2344	甘道明
2345	黄新初
2346	王荣轩
2347	陶武先
2348	葛红林
2349	雷洪金
2350	王海林
2351	刘捷(四川省)
2352	唐坚
2353	刘永湘
2354	彭琳
2355	罗林书
2356	刘成鸣
2357	赵爱明
2358	张成明
2359	韩国宾
2360	秦万祥
2361	张剡
2362	刘晓华
2363	蒋辅义
2364	刘国强(河南省)
2365	朱以庄
2366	袁本朴
2367	徐波
2368	刘强(四川省)
2369	肖天任
2370	李向志
2371	方小方
2372	李成云
2373	陈新有
2374	冷刚
2375	亓九才
2376	吴勉坚
2377	罗强
2378	吴靖平
2379	谭力
2380	黄学玖
2381	杨海清
2382	林书成
2383	曾万明
2384	唐利民
2385	蒋仁富
2386	马华
2387	高烽
2388	王宗榜
2389	彭渝
2390	王菲
2391	侍俊
2392	杨洪波
2393	何华章
2394	崔保华
2395	邓新民
2396	邓川
2397	胡昌升
2398	任永昌
2399	叶壮
2400	曾省权
2401	黄小祥
2402	杨松柏
2403	王铭晖
2404	姜晓亭
2405	于伟
2406	陈德玉
2407	张彤
2408	黄明全
2409	刘宏建
2410	王宁(四川省)
2411	黄顺福
2412	敬中春
2413	向东
2414	高先海
2415	杜光辉
2416	吴果行
2417	李静
2418	晏永和
2419	宋朝华
2420	杨冬生
2421	解洪
2422	李敦伯
2423	徐进
2424	吴光镭
2425	焦伟侠
2426	侯晓春
2427	王建军(江苏省)
2428	王平(四川省)
2429	罗增斌
2430	李隆春
2431	包惠
2432	何健
2433	徐孟加
2434	侯雄飞
2435	陈越良
2436	刘守培
2437	傅志康
2438	黄彦蓉
2439	李刚
2440	李仲彬
2441	熊光林
2442	周登全
2443	周喜安
2444	蒲波
2445	李克明
2446	李佳(四川省)
2447	翟占一
2448	钟勉
2449	陈光志
2450	邓全忠
2451	罗勤宏
2452	刘作明
2453	刘忠恕
2454	欧泽高
2455	吴泽刚
2456	张东升
2457	王雨顺
2458	刘道平
2459	尧斯丹
2460	敬全林
2461	益西达瓦
2462	李昌平
2463	罗凉清
2464	张支铁
2465	曲木史哈
2466	张作哈
2467	李登菊
2468	李崇禧
2469	李春城
2470	张学忠
2471	王东明
2472	马儒沛
2473	陈存根
2474	张宗海
2475	何事忠
2476	徐鸣(安徽省)
2477	何勇
2478	张全景
2479	令计划
2480	杨多良
2481	张平
2482	王明方
2483	朱成林
2484	段敦厚
2485	骆惠宁
2486	王秀芳
2487	李盛霖
2488	戴相龙
2489	房凤友
2490	刘峰岩
2491	杜青林
2492	吕枫
2493	吴新雄
2494	余欣荣
2495	徐立全
2496	王炯
2497	王金山
2498	王三运
2499	王昭耀
2500	沈跃跃
2501	郑社奎
2502	冯芝茂
2503	董云海
2504	武正国
2505	张国栋
2506	宁金彪
2507	王三堂
2508	张秉法
2509	马兰翠
2510	么金铎
2511	傅贵武
2512	艾丕善
2513	范肖梅
2514	李焕政
2515	杜东海
2516	白云腾
2517	马殿魁
2518	夏龙祥
2519	程兵
2520	郭景洲
2521	谈俊琪
2522	李春亭
2523	薄绍铨
2524	李荣怀
2525	靳善忠
2526	郭有勤
2527	董洪运
2528	聂玉春
2529	张九萍
2530	莫振奎
2531	申长友
2532	任海深
2533	时立军
2534	赵克志
2535	张敬涛
2536	张执政
2537	刘也强
2538	张健(江苏省)
2539	王正福
2540	姜延虎
2541	崔亚东
2542	龙超云
2543	王唯众
2544	岳福洪
2545	苏树林
2546	焦利
2547	张江
2548	范卫平
2549	王俊莲
2550	李峰(山东省)
2551	苏宏章
2552	郭廷标
2553	徐德
2554	徐德明
2555	赵国红
2556	白玛
2557	肖瑞华
2558	王秦丰
2559	王令浚
2560	曲青山
2561	吉狄马加
2562	管雷
2563	沈何
2564	张光荣
2565	李津成
2566	徐福顺
2567	王小青
2568	穆东升
2569	马建堂
2570	王晓
2571	马顺清
2572	苏宁
2573	刘延东
2574	姜平
2575	谭仲池
2576	冀岩
2577	李晖
2578	戴景珠
2579	池维生
2580	常卫
2581	汪先永
2582	王孝东
2583	刘福志
2584	王海臣
2585	李志军
2586	李长栓
2587	李先忠
2588	鲁炜
2589	程世峨
2590	杜德印
2591	阳安江
2592	龙新民
2593	于均波
2594	李志坚
2595	李炳华
2596	蔡赴朝
2597	金人庆
2598	燕平
2599	黄镇东
2600	包叙定
2601	王鸿举
2602	王云龙
2603	李学举
2604	滕久明
2605	邢元敏（女）
2606	聂卫国
2607	徐匡迪
2608	刘云耕
2609	罗世谦
2610	沈红光
2611	王仲伟
2612	沈德咏
2613	吴志明
2614	冯国勤
2615	范德官
2616	王文惠
2617	戴长友
2618	江勤宏
2619	周禹鹏
2620	黄跃金
2621	段春华
2622	廖可铎
2623	臧献甫
2624	散襄军
2625	崔津渡
2626	尹德明
2627	刘长喜
2628	成其圣
2629	袁桐利
2630	朱丽萍
2631	朱彤
2632	龚建华
2633	蒋纯基
2634	宋继东
2635	陈梧生
2636	金仁寿
2637	梁雨祥
2638	黄名汉
2639	黄延南
2640	刘伟平
2641	陈安众
2642	潘逸阳
2643	倪贤伍
2644	强卫
2645	苏荣
2646	张裔炯
2647	舒惠国
2648	傅克诚
2649	董君舒
2650	侯生华
2651	蒋延东
2652	王重国
2653	宋照肃
2654	杨志明
2655	卢展工
2656	谢继伦
2658	多吉次仁
2659	白玛旺堆
2660	徐明阳
2661	郝鹏
2662	王宾宜
2663	董大明
2664	傅传耀
2665	杨玉学
2666	何永康
2667	吴廷述
2668	蒙启良
2669	向红琼
2670	石启仁
2671	梁戈文
2672	黄福永
2673	江东海
2674	温耀深
2676	叶青纯
2677	唐定邦
2678	陈希
2679	翟鸿祥
2680	胡毅峰
2681	朱忠民
2682	吴佩军
2683	王兆华
2684	张勇(辽宁省)
2685	鄢良钟
2686	杨安明
2687	田维钊
2688	罗松柏
2689	孙平
2690	余斌
2691	王华
2693	付志康
2694	赵廷杰
2695	杨永山
2696	邵国荷
2697	方春明
2698	毕美家
2699	国家森
2700	杨金镜
2701	王家瑞
2702	纪馨芳
2703	曹中厚
2704	梁滨
2705	马巧珍
2706	阎爱英
2707	田霍卿
2708	黎桂康
2709	林浩坤
2710	叶耀
2711	雷于蓝
2712	徐萍华
2713	周明理
2714	李清
2715	陈均伦
2716	林天锡
2717	姚永锋
2718	卡米力·阿不都拉
2719	王武龙
2720	虞振新
2721	孟金元
2722	洪锦炘
2723	赵学凤
2724	郁家树
2725	方之焯
2726	宋晨光
2727	罗筱玉
2728	赵维椿
2729	张二辰
2730	孙兰卿
2731	王菊梅
2732	朱广平
2733	符文朗
2734	杨海平
2735	瞿素芬
2736	杨仁争
2737	黄萌
2738	赵一德
2739	洪寿祥
2740	张二江
2741	孙昌松
2742	曹世佑
2743	郭大孝
2744	王守海
2745	段轮一
2746	刘克毅
2747	唐良智
2748	熊同发
2749	刘友凡
2750	刘国湘
2751	朱志良
2752	赵学敏
2753	王耀午
2754	段襄征
2755	徐敬原
2756	朱生亮
2757	吴学香
2758	张成寅
2759	张智林
2760	韩耀武
2761	徐衍民
2762	沈玉成
2763	毛如柏
2764	卢瑞华
2765	阿不来提·阿不都热西提
2766	沈强
2767	舒圣佑
2768	杨传堂
2769	石宗源
2770	石秀诗
2771	佟星
2772	章振国
2773	王文涛
2774	张祖林
2775	李文荣
2776	杨健强
2777	张田欣
2778	王学智
2779	米东生
2780	李培
2781	岳跃生
2782	范华平
2783	柴王群
2784	赵立雄
2785	高劲松
2786	李江(云南省)
2787	孙学明
2788	董诗强
2789	孔祥庚
2790	吴松
2791	李正阳
2792	段跃庆
2793	熊清华
2794	王广兴
2795	黄毅
2796	罗正富
2797	张纪华
2798	刘建华
2799	罗应光
2800	邓先培
2801	王建华(云南)
2802	晏友琼
2803	夜礼斌
2804	杨应楠
2805	和良辉
2806	和自兴
2807	罗杰
2808	欧阳坚
2809	钱德伟
2810	李小平
2811	沈培平
2812	卫星
2813	高旭升
2814	李元书
2815	锁飞
2816	何剑文
2817	刘明
2818	杨洪波(云南)
2819	李国伟
2820	李红民
2821	杨红卫
2822	张太原
2823	曹建方
2824	丁绍祥
2825	杨福生
2826	白成亮
2827	刘一平
2828	罗崇敏
2829	杨光成
2830	黄文武
2831	王承才
2832	宋嘉林
2833	王永奎
2834	纳杰
2835	罗红江
2836	刀林荫
2837	刀爱民
2838	岩庄
2839	陈玉侯
2840	江普生
2841	尹欣
2842	何华
2843	何金平
2844	梁志敏
2845	尹建业
2846	顾伯平
2847	龚敬政
2848	孟必光
2849	管国忠
2850	李磊
2851	赵金
2852	李四明
2853	侯新华
2854	欧志明
2855	童志云
2856	解毅
2857	张耀武
2858	黄政红
2859	陈建国(云南)
2860	齐扎拉
2861	张登亮
2862	张百如
2863	王南昆
2864	康仲明
2865	张金康
2866	秦光荣
2867	徐荣凯
2868	李纪恒
2869	杨崇汇
2870	王学仁
2871	辛桂梓
2872	刘维佳
2873	李明朝
2874	孟苏铁
2875	李汉柏
2876	辛维光
2877	牛绍尧
2883	饶南湖
2884	王敏正
2885	卯稳国
2886	赵仕杰
2887	李映德
2888	盛云富
2889	令狐安
2890	李嘉廷
2891	陈培忠
2892	木太力甫·吾布力
2893	杨忠林
2894	阿勒布斯拜·拉合木
2895	巴代
2896	陈宝田
2897	陈从亮
2898	陈光明
2899	陈孙文
2900	陈有德
2901	邓剑
2902	邓耀华
2903	付军
2904	高万权
2905	龚尚武
2906	郭锋
2907	郝林海
2908	和段琪
2909	侯亮
2910	胡其图
2911	胡晓华
2912	江海燕
2913	李怀亮
2914	李吉荣
2915	李永金
2916	李元虎
2917	李忠
2918	梁成军
2919	梁绍棠
2920	刘其文
2921	刘贤木
2922	刘佑林
2923	刘运生
2924	刘遵义
2925	卢天禧
2926	罗黎明
2927	骆玉祥
2928	马瑞文
2929	马伟
2930	马懿
2931	马永孝
2932	买买提艾山·托乎达力
2933	木哈提别克·阿德勒别克
2934	齐继慧
2935	钱兴中
2936	尚清
2937	佘义和
2938	汤维英
2939	王法仁
2940	王富钧
2941	王宏民
2942	王金会
2943	王伟
2944	王有杰
2945	王兆林
2946	邬宝恒
2947	吾买尔江·米孜艾合买提
2948	吴华南
2949	膝彩元
2950	先开金
2951	谢强华
2952	谢天刚
2953	谢志强
2954	徐炎
2955	杨安和
2956	杨浩明
2957	杨荣华
2958	杨占昌
2959	姚志平
2960	易胜金
2961	余今晓
2962	张继武
2963	张文树
2964	张雨浦
2965	周福元
2966	周镇宏
2967	庄礼祥
2968	罗荫国
2969	邓海光
2970	梁毅民
2971	孙楚寅
2972	罗辉
2973	王琼
2974	韩振祥
2975	赵世亮
2976	陈育宁
2977	郑小明
2978	陈双全
2979	段兴祥
2980	段增庆
2981	王希龙
2982	薛新立
2983	李金亮
2984	李润兰
2985	刘琨
2986	彭三
2987	张盛如
2988	王福山
2989	张建星
2990	杜彩霞
2991	王亚明
2992	刘道刚
2993	赵尚武
2994	陈彦云
2995	郭俊杰
2996	贾凤山
2997	张杰
2998	沈家聪
2999	王九鹏
3000	吴金组
3001	苑广睿
3002	薛辉
3003	张泉芬
3004	赵建国
3005	王世新
3006	曹秀荣
3007	蔡云鹏
3008	马广智
3009	王怀仁
3010	张世新
3011	陈章伟
3012	杨茂荣
3013	张中华
3014	周家彪
3015	王宝弟
3016	陈志荣
3017	钱景林
3018	徐逸波
3019	周伟(安徽省)
3020	张来庆
3021	徐建国
3022	陆晓春
3023	姜亚新
3024	彭崧
3025	胡炜
3026	张学兵
3027	李逸平
3028	姜樑
3029	孙继伟
3030	茅明贵
3031	莫负春
3032	沈骏
3033	孙潮
3034	陈寅
3035	过剑飞
3036	鲍炳章
3037	薛潮
3038	卞百平
3039	王为人
3040	孙卫国
3041	吴清
3042	薛全荣
3043	程光
3044	俞北华
3045	曹立强
3046	陈安杰
3047	诸葛宇杰
3048	岑富荣
3049	蒋卓庆
3050	宗明
3051	金兴明
3052	谢坚钢
3053	黄富荣
3054	赵奇
3055	王洪泉
3056	陈靖
3057	赵祝平
3058	于根生
3059	吕民元
3060	斯福民
3061	汪泓
3062	乐景鹏
3063	秦裕
3064	方世忠
3065	陈超贤
3066	谢峰
3067	陈振鸿
3068	龚德庆
3069	孙建平
3070	张仁良
3071	周平
3072	潘敏
3073	谈柏元
3074	胡延照
3075	周国雄
3076	张国洪
3077	胡秉忠
3078	蔡志强
3079	孙荣乾
3080	程向民
3081	李梅
3082	姚海同
3083	方惠萍
3084	翁祖亮
3085	郭天成
3086	安路生
3087	潘永昌
3088	潘志纯
3089	陈先国
3090	钟燕群
3091	巢卫林
3092	高亢
3093	赵惠琴
3094	蒋耀
3095	夏科家
3096	施南昌
3097	林湘
3098	张立平
3099	时光辉
3100	沈慧琪
3101	彭沉雷
3102	庄少勤
3103	庄木弟
3104	孙雷
3105	马乐声
3106	顾国林
3107	张国庆
3108	杨文成
3109	王学旺
3110	吕福春
3111	李国文
3112	郭天保
3113	赵仲华
3114	李广文
3115	张志宽
3116	张文
3117	金建忠
3118	马春雷
3119	杲云
3120	刘国胜
3121	李金生
3122	李毓毅
3123	吴尧鑫
3124	杨建荣
3125	李跃旗
3126	郝铁川
3127	赵福禧
3128	潘龙清
3129	杨国雄
3130	盛亚飞
3131	俞太尉
3132	秦健
3133	唐海龙
3134	罗福来
3135	陈浙闽
3136	王宏江
3138	张世琥
3139	李森阳
3140	宗国英
3141	张家星
3142	刘树起
3143	李宝锟
3144	袁树谦
3145	李文喜
3146	魏秀山
3147	高学忠
3148	马明基
3149	张桂祥
3150	王小宁
3151	张勇(河北省)
3152	王树培
3153	李乃彦
3154	孙文魁
3155	张俊滨
3156	张胜利
3157	王学敏
3158	蔺雪峰
3159	曹殿卿
3160	陶润立
3161	张新景
3162	张柏捷
3163	景悦
3164	肖松
3165	慈树成
3166	孙振清
3167	张继和
3169	刘子利
3171	谷正义
3172	只升华
3173	张志方
3174	王伟庄
3175	李树起
3176	荣建勋
3177	张炳江
3178	冀国强
3179	薛鸿雁
3180	王洪海
3181	张家明
3182	黄以云
3183	张贵林
3184	王凤江
3185	杨德宏
3186	曾赞荣
3187	杨斌
3188	卢晓明
3189	白宗全
3190	孙康林
3191	周慕冰
3192	刘光全
3193	周旬
3194	黄玉林
3195	沐华平
3196	吴亚
3197	赖蛟
3198	史大平
3199	杜和平
3200	王元楷
3201	陶长海
3202	何贵
3203	熊懋仁
3204	黄波
3205	雷政富
3206	龙华
3207	吴康明
3208	汪夔万
3209	王国富
3210	丁洪
3211	吴道藩
3212	章勇武
3213	胡庭吉
3214	史贵升
3215	姜帆
3216	郑平
3217	何平
3218	石诗龙
3219	张邦平
3220	唐德祥
3221	马培生
3222	张明生
3223	罗成
3224	龚均
3225	廖觉超
3226	朱晞颜
3227	刘贵忠
3228	甘联君
3229	熊世明
3230	传志福
3231	周传航
3232	刘旗
3233	刘新宇
3234	陈杰
3235	郭忠亮
3236	贾建国
3237	江绍中
3238	谢金峰
3239	刘本荣
3240	盛娅农
3241	卢建辉
3242	方佳军
3243	卢伟
3244	吕明良
3245	辛世杰
3246	江涛
3247	赵崇亮
3248	周波
3249	周少政
3250	王隆生
3251	王立民
3252	石国文
3253	吴国升
3254	姚斌
3255	李春奎
3256	胡健康
3257	张鸣
3258	秦敏
3259	黄仕焱
3260	汤宗伟
3261	沈晓钟
3262	李洪义
3263	郑洪
3264	周曦
3265	程晓阳
3266	向和平
3267	米绍林
3268	裴智
3269	卢鹏飞
3270	于松柏
3271	刘祖礼
3272	辛国荣
3273	宁光贤
3274	罗建极
3275	蹇泽西
3277	高荣淼
3278	李仁富
3279	黄长武
3280	王显刚
3281	张学锋
3282	肖敏
3283	滕英明
3284	覃昌德
3285	张道华
3286	李志雄
3287	蒋宜茂
3288	代小红
3289	王义昭
3290	纪涛
3291	王作安
3292	韩树明
3293	乔明佳
3294	郭汝齐
3295	唐林
3296	王银峰
3297	关海祥
3298	熊雪
3299	刘加才
3300	王合清
3301	彭智勇
3302	黄云
3303	石继东
3304	谭栖伟
3305	张季
3306	夏泽良
3307	刘宝亚
3308	郑向东
3309	谢嘉庆
3310	谭大辉
3311	谭家玲
3312	李殿勋
3313	李明清
3314	吴盛海
3315	罗德
3316	李勇
3317	梅时雨
3318	刘渝平
3319	谢礼国
3320	李光荣
3321	朱茂
3322	张泽洲
3323	王杰
3324	陈航
3325	岳中焕
3326	冉茂忠
3327	艾东
3328	左军
3329	蓝庆华
3330	蒲阳
3331	钱建超
3332	喻维嘉
3333	周伟
3334	刘峰
3335	龚泽民
3336	徐强
3337	路伟
3338	李方宇
3339	游正焜
3340	曹清尧
3341	李光华
3342	明国辉
3343	李启松
3344	王越
3345	潘毅琴
3346	胡君烈
3347	李光金
3348	徐世国
3349	陈金山
3350	洪天云
3351	杨宏伟
3352	刘作禄
3353	吴忠
3354	魏益章
3355	李剑铭
3356	张敏
3357	方海洋
3358	马平
3359	魏寿明
3360	高必金
3361	陈勇
3362	管洪
3363	唐川
3364	陈文森
3365	程真祥
3366	向涛
3367	李世奎
3368	白文农
3369	刘强(重庆市)
3370	胡际权
3371	蒋又一
3372	唐建华
3373	方军
3374	刘隆铸
3375	唐英瑜
3376	王福清
3377	扈万泰
3378	周勇
3379	赵世庆
3380	姚代云
3381	李科
3382	李建春
3384	段成刚
3385	陈刚(重庆市)
3386	佘明哲
3387	李应兰
3388	何毅
3389	黄明
3390	张化纯
3391	刘志强(河北)
3392	边仁权
3393	尚斌义
3394	尚德来
3395	张有会
3396	李德崇
3397	曹洪兴
3398	马勇霞
3399	张纪南
3400	王厚宏
3401	谢伏瞻
3402	尹晋华
3403	史济春
3404	陈雪枫
3405	缪合林
3406	陈光林
3407	韩茂华
3408	蒋洁敏
3409	周声涛
3410	艾斯海提?克里木拜
3411	韩宏范
3412	刘长顺
3413	陈玉恒
3414	张丽丽
3415	许景胜
3416	佘清文
3417	孙宝华
3418	张同庆
3419	何勇(四川省)
3420	马志鹏
3421	马振川
3422	陈邦国
3423	洛桑灵智多杰
3424	黄先耀
3425	陈绍基
3426	孙淦
3427	黄瑶
3428	王全书
3429	李清林
3430	叶冬松
3431	韩桂芝
3432	杨永良
3433	郭树清
3434	梁平波
3435	周原
3436	孙宝树
3437	孙海麟
3438	万继生
3439	王广宪
3440	王汉民
3441	王力平
3442	王生铁
3443	王占
3444	吴向东
3445	夏国华
3446	徐爱俐
3447	徐锡安
3448	杨基常
3449	杨新成
3450	尤仁
3451	俞兴德
3452	张德春
3453	张惠新
3454	张家坤
3455	张锡林
3456	赵文源
3457	郑培民
3458	周德海
3459	白志健
3460	曹克明
3461	陈玉杰
3462	丁世发
3463	董万德
3464	范钦臣
3465	方兆祥
3466	龚学平
3467	顾浩
3468	何少川
3469	黄松禄
3470	蒋以任
3471	李从军
3472	李景田
3473	李贻衡
3474	李有慰
3475	刘学斌
3476	刘知炳
3477	马福海
3478	任启兴
3479	桑结加
3480	施殿金
3481	宋仪侨
3482	赵金铎
3483	吴野渡
3484	张士儒
3485	丛福奎
3486	王天玺
3487	黄维彬
3488	姚湘成
3489	刘光和
3490	洛桑
3491	田源
3492	阿布
3493	艾丽华
3494	白玉刚
3495	包振玉
3496	鲍常勇
3497	毕力夫
3498	才让太
3499	曹邦兴
3500	陈飞
3501	陈豪
3502	陈吉明
3503	陈俊
3504	陈求发
3505	陈伟俊
3506	陈星
3507	陈学军
3508	陈永奇
3509	陈志刚
3510	池秋娜
3511	崔枫林
3512	崔洪刚
3513	崔述强
3514	戴炜
3515	邓伟根
3516	丁绣峰
3517	董保同
3518	董卫民
3519	董晓健
3520	董岩
3521	杜世源
3522	尔肯江·吐拉洪
3523	费高云
3524	冯键
3525	冯韶慧
3526	付万惠
3527	高福平
3528	高科
3529	郭大为
3530	韩立华
3531	侯红
3532	胡启生
3533	胡卫国
3534	胡玉亭
3535	黄宗林
3536	回建
3537	贾玉梅
3538	蒋超良
3539	解维俊
3540	金长征
3541	康涛
3542	康志文
3543	孔晓宏
3544	赖泽华
3545	兰开驰
3546	蓝佛安
3547	李炳军
3548	李发平
3549	李峰(山东)
3550	李公乐
3551	李海渊
3552	李红军
3553	李宏庆
3554	李荐国
3555	李杰翔
3556	李景浩
3557	李坤
3558	李明远
3559	李水华
3560	李玉刚
3561	林健东
3562	林山青
3563	刘超
3564	刘润民
3565	刘卫平
3566	刘忻
3567	刘星泰
3568	刘兴伟
3569	卢淳杰
3570	鲁毅
3571	陆晓栋
3572	陆志鹏
3573	骆蔚峰
3574	马承祖
3575	马天荣
3576	马誉峰
3577	马志勇
3578	毛荣楷
3579	孟祥伟
3580	倪玉平
3581	鸟成云
3582	帕尔哈提·肉孜
3583	裴伟东
3584	彭国甫
3585	彭宇行
3586	普布顿珠
3587	钱引安
3588	乔恒
3589	秦军
3590	裘东耀
3591	任学锋
3592	商黎光
3593	施小琳
3594	石坚
3595	石奇珠
3596	舒庆
3597	松吉扎西
3598	苏海棠
3599	孙青友
3600	孙珅
3601	孙轶
3602	檀云坤
3603	汤志平
3604	唐琮沅
3605	唐远游
3606	万新恒
3607	汪一光
3608	王大虎
3609	王浩
3610	王会勇
3611	王建军(陕西)
3612	王俊强
3613	王磊
3614	王立平
3615	王亮
3616	王荣平
3617	王少玄
3618	王天琦
3619	王小平
3620	王禹
3621	王振才
3622	王志刚
3623	卫华
3624	尉俊东
3625	魏树旺
3626	吴德金
3627	吴汉圣
3628	吴兰
3629	吴明明
3630	吴岩峻
3631	武玉嶂
3632	奚正平
3633	席小军
3634	喜清江
3635	夏锦文
3636	向曙光
3637	肖盛峰
3638	肖毅
3639	谢玉安
3640	邢国辉
3641	徐江
3642	徐景颜
3643	徐立毅
3644	徐启方
3645	雪克来提·扎克尔
3646	严植婵
3647	杨浩东
3648	杨克宁
3649	杨宁
3650	杨元忠
3651	杨长亚
3652	杨照辉
3653	訚柏
3654	于军
3655	于晓明
3656	俞成辉
3657	俞志宏
3658	贠建民
3659	岳亮
3660	张常荣
3661	张红彦
3662	张鸿星
3663	张焕秋
3664	张琦
3665	张瑞书
3666	张秀兰
3667	张旭晨
3668	张永霞
3669	张泽军
3670	张柱
3671	赵豪志
3672	赵辉
3673	赵凌云
3674	赵铭
3675	赵世勇
3676	赵应云
3677	周连华
3678	周联清
3679	周仲明
3680	庄稼汉
3681	宗长青
3682	王忠林（山东省）
3683	孟凡利（山东省）
3684	陈勇（山东省）
3685	袁伟民
3688	翟虎渠
3689	张宝明
3690	张丁华
3692	张福森
3694	张华祝
3695	张俊九
3697	张瑞敏
3698	张思卿
3700	张维庆
3701	张文康
3705	张玉台
3707	张左己
3709	赵启正
3710	赵忠贤
3711	郑必坚
3712	郑万通
3713	周光召
3715	周生贤
3716	周小川
3718	周正庆
3722	朱丽兰
3725	朱育理
3726	朱之鑫
3727	朱祖良
3728	马馼
3729	王毅
3732	尹蔚民
3733	邓楠
3734	朱维群
3738	刘家义
3740	孙晓群
3743	李海峰
3744	杨衍银
3752	姜伟新
3753	耿惠昌
3754	徐绍史
3755	高强
3757	盛光祖
3758	康日新
3763	蔡武
3764	王新宪
3766	符跃兰
3767	王光亚
3768	赵宪庚
3772	林军
3774	王伟光
3780	张耕
3781	张基尧
3782	胡振民
3783	徐乐江
3785	王玉普
3786	李金城
3787	肖钢
3788	肖亚庆
3790	张晓刚
3791	金壮龙
3792	胡晓炼
3793	多吉
3794	冷溶
3795	谢和平
3797	项俊波
3798	詹文龙
3799	张杰(1958)
3804	焦焕成
3806	蔡振华
3807	王晓初
3808	楼继伟
3809	刘振亚
3811	王勇(1955)
3812	王志刚(1957)
3818	刘鹤
3821	许达哲
3823	孙怀山
3827	李伟(1953)
3828	李东生
3831	何毅亭
3832	汪永清
3833	宋大涵
3834	张茅
3835	张志军
3837	赵实
3839	袁贵仁
3840	高虎城
3841	黄树贤
3843	蔡名照
3844	雒树刚
3846	王作安(1958)
3847	白春礼
3848	白景富
3849	曹建明
3850	陈福今
3851	陈佳洱
3852	陈梅芳
3853	陈耀邦
3854	陈元
3855	陈云林
3856	陈至立
3857	戴秉国
3858	丹增
3859	邓朴方
3860	符桂花
3861	傅志寰
3862	高昌礼
3863	高祀仁
3864	顾秀莲
3865	桂世镛
3866	郭超人
3867	郭东坡
3868	韩杼滨
3869	郝建秀
3870	何椿霖
3871	华国锋
3872	华建敏
3873	黄洁夫
3874	黄启璪
3875	黄晴宜
3876	黄寅逵
3877	贾春旺
3878	贾军
3879	姜恩柱
3880	姜建清
3881	克尤木·巴吾东
3882	李长江
3883	李长印
3884	李德洙
3885	李贵鲜
3886	李金华
3887	李荣融
3888	李铁林
3889	李毅中
3890	李肇星
3891	李至伦
3892	厉有为
3893	梁国庆
3894	廖晖
3895	林丽韫
3896	林明月
3897	林左鸣
3898	刘海燕
3899	刘华秋
3900	刘纪原
3901	刘剑锋
3902	刘江
3903	刘玠
3904	刘京
3905	刘明康
3906	刘石泉
3907	刘廷焕
3908	刘志军
3909	刘忠德
3910	刘仲藜
3911	路甬祥
3912	吕飞杰
3913	吕福源
3914	栾恩杰
3915	马富才
3916	马之庚
3917	闵维方
3918	牟新生
3919	倪润峰
3920	倪志福
3921	潘云鹤
3922	彭珮云
3923	钱冠林
3924	钱其琛
3925	秦玉琴
3926	邱学强
3927	尚福林
3928	邵华泽
3929	盛华仁
3930	石大华
3931	石万鹏
3932	石兆彬
3933	司马义·艾买提
3934	宋健
3935	宋瑞祥
3936	苏新添
3937	孙家正
3938	汤洪高
3939	唐家璇
3940	陶建幸
3941	陶驷驹
3942	滕文生
3943	田聪明
3944	铁凝
3945	汪光焘
3946	汪恕诚
3947	王晨
3948	王春正
3949	王洛林
3950	王明权
3951	王启民
3952	王启人
3954	王如珍
3956	王胜俊
3958	王学萍
3959	王雪冰
3960	王众孚
3961	魏礼群
3964	吴定富
3966	吴基传
3967	吴金印
3968	吴启迪
3971	吴贻弓
3974	武连元
3976	奚国华
3977	项怀诚
3978	肖扬
3979	谢企华
3980	谢旭人
3981	解振华
3985	徐冠华
3986	徐鹏航
3990	许永跃
3991	许运鸿
3997	杨洁篪
3998	杨晓堂
3999	杨元元
4000	叶小文
4003	于珍
4004	虞云耀
4008	钱智民
4010	梁国扬
4013	李宝善
4014	李家洋
4018	万立骏
4020	刘玉亭
4022	郭剑波
4023	曹淑敏
4025	王军(1958)
4027	李国英
4028	吴曼青
4030	赵玉沛
4031	龚克
4034	任洪斌
4035	李培林
4036	张晓明
4037	张喜武
4040	曹广晶
4041	王永春
4043	金东寒
4045	鄂竟平
4048	宋丽萍
4049	张业遂
4050	尹力
4051	李冰
4052	郭明义
4053	江小涓
4054	王洪章
4055	胡怀邦
4057	王梦奎
